ERR054089,PY0002-C
ERR152414,PY0004-C
ERR152415,PY0005-C
ERR527337,PY0018-C
ERR527363,PY0019-C
ERR1138855,PY0023-C
ERR1138856,PY0024-C
ERR1138857,PY0026-C
ERR1138858,PY0027-C
ERR1138861,PY0034-C
ERR1138862,PY0035-C
ERR1138864,PY0042-C
ERR1138865,PY0044-C
ERR1138866,PY0045-C
ERR1138867,PY0048-C
ERR1138868,PY0050-C
ERR1106842,PY0051-C
ERR1138869,PY0053-C
ERR1138870,PY0054-C
ERR1138871,PY0055-C
ERR1138872,PY0056-C
ERR1138873,PY0057-C
ERR1106843,PY0058-C
ERR1138875,PY0060-C
ERR1138876,PY0061-C
ERR1138879,PY0067-C
ERR1106846,PY0068-C
ERR1138881,PY0072-C
ERR1138882,PY0073-C
ERR1138883,PY0074-C
ERR1138884,PY0075-C
ERR1138885,PY0076-C
ERR1475425,PY0085-C
ERR1475427,PY0087-C
ERR1475395,PY0088-C
ERR1475451,PY0089-C
ERR1475441,PY0090-C
ERR1475396,PY0092-C
ERR1475397,PY0093-C
ERR1475398,PY0094-C
ERR1475399,PY0096-C
ERR1475418,PY0099-C
ERR1475419,PY0100-C
ERR1475420,PY0101-C
ERR1475429,PY0103-C
ERR1475430,PY0105-C
ERR1475439,PY0107-C
ERR1475456,PY0114-C
ERR1475437,PY0117-C
ERR1475457,PY0119-C
ERR1475434,PY0120-C
ERR111724,PD0165-C
ERR111710,PD0166-C
ERR111727,PD0167-C
ERR111721,PD0168-C
ERR111728,PD0169-C
ERR111717,PD0170-C
ERR111713,PD0171-C
ERR111719,PD0172-C
ERR111720,PD0173-C
ERR111709,PD0174-C
ERR111714,PD0175-C
ERR111716,PD0176-C
ERR111725,PD0177-C
ERR111718,PD0178-C
ERR111715,PD0179-C
ERR111723,PD0180-C
ERR111722,PD0181-C
ERR111712,PD0182-C
ERR111726,PD0183-C
ERR111711,PD0184-C
ERR337595,PD0593-C
ERR337599,PD0594-C
ERR337602,PD0595-C
ERR337605,PD0596-C
ERR337608,PD0597-C
ERR337610,PD0598-C
ERR337613,PD0599-C
ERR337616,PD0600-C
ERR337619,PD0601-C
ERR337622,PD0602-C
ERR337625,PD0603-C
ERR337628,PD0604-C
ERR337596,PD0605-C
ERR337600,PD0606-C
ERR337603,PD0607-C
ERR337606,PD0608-C
ERR337609,PD0609-C
ERR337611,PD0610-C
ERR337614,PD0611-C
ERR337617,PD0612-C
ERR337620,PD0613-C
ERR337623,PD0614-C
ERR337626,PD0615-C
ERR337629,PD0616-C
ERR337597,PD0617-C
ERR337601,PD0618-C
ERR337604,PD0619-C
ERR337607,PD0620-C
ERR337612,PD0622-C
ERR337615,PD0623-C
ERR337618,PD0624-C
ERR337621,PD0625-C
ERR527350,PD0674-C
ERR527352,PD0675-C
ERR527353,PD0676-C
ERR527354,PD0677-C
ERR527355,PD0678-C
ERR527356,PD0679-C
ERR527358,PD0680-C
ERR527370,PD0681-C
ERR713941,PD0682-CW
ERR527361,PD0683-C
ERR527374,PD0684-C
ERR527351,PD0685-C
ERR527364,PD0686-C
ERR527365,PD0687-C
ERR527366,PD0688-C
ERR527378,PD0689-C
ERR527367,PD0690-C
ERR527381,PD0691-C
ERR527369,PD0692-C
ERR527371,PD0693-C
ERR527372,PD0694-C
ERR527384,PD0695-C
ERR527362,PD0696-C
ERR527376,PD0697-C
ERR527377,PD0698-C
ERR527340,PD0699-C
ERR527342,PD0700-C
ERR527344,PD0701-C
ERR527380,PD0702-C
ERR527345,PD0703-C
ERR527382,PD0704-C
ERR527348,PD0705-C
ERR527383,PD0706-C
ERR527385,PD0707-C
ERR527375,PD0708-C
ERR527338,PD0709-C
ERR527339,PD0710-C
ERR527341,PD0711-C
ERR527343,PD0712-C
ERR527379,PD0713-C
ERR527368,PD0714-C
ERR527346,PD0715-C
ERR773745,PD1519-C
ERR773746,PD1520-C
ERR773747,PD1521-C
ERR773748,PD1522-C
ERR1475350,PD1526-C
ERR1475351,PD1529-C
ERR1475352,PD1530-C
ERR1475353,PD1531-C
ERR1475354,PD1532-C
ERR1475355,PD1534-C
ERR034096,PJ0004-C
ERR054084,PJ0006-C
ERR337624,PJ0007-C
ERR337627,PJ0008-C
ERR337630,PJ0009-C
NA,PJ0012-Cx
NA,PJ0016-C
NA,PJ0018-C
NA,PJ0019-CW
NA,PJ0021-CW
NA,PJ0022-CW
NA,PJ0024-C
NA,PJ0025-C
NA,PJ0026-CW
NA,PJ0030-C
NA,PJ0032-C
NA,PJ0033-C
NA,PJ0034-CW
NA,PJ0035-C
NA,PJ0036-CW
NA,PJ0037-C
NA,PJ0038-CW
NA,PJ0038-Cx
NA,PJ0041-C
NA,PJ0042-C
NA,PJ0043-C
NA,PJ0048-CW
NA,PJ0049-C
NA,PJ0056-CW
NA,PJ0062-C
NA,PJ0067-CW
NA,PJ0068-C
NA,PJ0069-CW
NA,PJ0072-C
NA,PJ0075-CW
NA,PJ0078-C
NA,PJ0082-C
NA,PJ0084-CW
NA,PJ0085-C
NA,PJ0086-C
NA,PJ0087-CW
NA,PJ0088-Cx
NA,PJ0089-CW
NA,PJ0090-CW
NA,PJ0093-C
NA,PJ0097-C
NA,PJ0099-C
NA,PJ0100-CW
NA,PJ0106-Cx
NA,PJ0112-CW
NA,PJ0113-CW
NA,PJ0117-CW
NA,PJ0122-C
NA,PJ0123-C
NA,PJ0125-CW
NA,PJ0128-C
ERR527373,PJ0167-C
NA,PJ0273-C
NA,PJ0274-C
NA,PJ0275-C
NA,PJ0276-C
NA,PJ0277-C
NA,PJ0278-C
NA,PJ0279-C
NA,PJ0280-C
NA,PJ0281-C
NA,PJ0282-C
NA,PJ0283-C
NA,PJ0284-C
NA,PJ0285-C
NA,PJ0286-C
NA,PJ0287-C
NA,PJ0288-C
NA,PJ0289-C
NA,PJ0290-C
NA,PJ0291-C
NA,PJ0293-C
NA,PJ0294-C
NA,PJ0295-C
NA,PJ0296-C
NA,PJ0297-C
NA,PJ0298-C
NA,PJ0299-C
NA,PJ0300-C
NA,PJ0301-C
NA,PJ0302-C
NA,PJ0303-C
NA,PJ0305-C
NA,PJ0307-C
NA,PJ0309-C
NA,PJ0310-C
NA,PJ0312-C
NA,PJ0313-C
NA,PJ0314-C
NA,PJ0315-C
NA,PJ0316-C
NA,PJ0317-C
NA,PJ0318-C
NA,PJ0319-C
NA,PJ0320-C
NA,PJ0322-C
NA,PJ0323-C
ERR925443,PJ0324-C
ERS241435,PJ0007-C
ERS241438,PJ0008-C
ERS241441,PJ0009-C
ERS040117,PY0002-C
ERS123120,PY0004-C
ERS123124,PY0005-C
ERS403520,PY0018-C
ERS403525,PY0019-C
ERS055892,PD0165-C
ERS055878,PD0166-C
ERS055895,PD0167-C
ERS055889,PD0168-C
ERS055896,PD0169-C
ERS055885,PD0170-C
ERS055881,PD0171-C
ERS055887,PD0172-C
ERS055888,PD0173-C
ERS055877,PD0174-C
ERS055882,PD0175-C
ERS055884,PD0176-C
ERS055893,PD0177-C
ERS055886,PD0178-C
ERS055883,PD0179-C
ERS055891,PD0180-C
ERS055890,PD0181-C
ERS055880,PD0182-C
ERS055894,PD0183-C
ERS055879,PD0184-C
ERS241405,PD0593-C
ERS241409,PD0594-C
ERS241412,PD0595-C
ERS241415,PD0596-C
ERS241418,PD0597-C
ERS241421,PD0598-C
ERS241424,PD0599-C
ERS241427,PD0600-C
ERS241430,PD0601-C
ERS241433,PD0602-C
ERS241436,PD0603-C
ERS241439,PD0604-C
ERS241406,PD0605-C
ERS241410,PD0606-C
ERS241413,PD0607-C
ERS241416,PD0608-C
ERS241419,PD0609-C
ERS241422,PD0610-C
ERS241425,PD0611-C
ERS241428,PD0612-C
ERS241431,PD0613-C
ERS241434,PD0614-C
ERS241437,PD0615-C
ERS241407,PD0617-C
ERS241411,PD0618-C
ERS241414,PD0619-C
ERS241417,PD0620-C
ERS241429,PD0624-C
ERS241432,PD0625-C
ERS403521,PD0674-C
ERS403526,PD0675-C
ERS403530,PD0676-C
ERS403538,PD0678-C
ERS403542,PD0679-C
ERS403550,PD0680-C
ERS403554,PD0681-C
ERS403517,PD0684-C
ERS403522,PD0685-C
ERS403527,PD0686-C
ERS403531,PD0687-C
ERS403535,PD0688-C
ERS403539,PD0689-C
ERS403543,PD0690-C
ERS403547,PD0691-C
ERS403551,PD0692-C
ERS403555,PD0693-C
ERS403559,PD0694-C
ERS403563,PD0695-C
ERS403518,PD0696-C
ERS403523,PD0697-C
ERS403528,PD0698-C
ERS403532,PD0699-C
ERS403536,PD0700-C
ERS403540,PD0701-C
ERS403544,PD0702-C
ERS403548,PD0703-C
ERS403552,PD0704-C
ERS403556,PD0705-C
ERS403560,PD0706-C
ERS403564,PD0707-C
ERS403519,PD0708-C
ERS403524,PD0709-C
ERS403529,PD0710-C
ERS403533,PD0711-C
ERS403537,PD0712-C
ERS403541,PD0713-C
ERS403545,PD0714-C
ERS403549,PD0715-C
